job title,company name,location,skills,links,salary,responsibility
Senior Flutter Developer,Sulfah -,"Maadi, Cairo, Egypt ",Full TimeExperienced  3 - 5 Yrs of Exp  IT/Software Development  Computer Science  flutter  Engineering  Information Technology (IT)  Software Development  Software Engineering,https://wuzzuf.net/jobs/p/qdv6udwLmCMN-Senior-Flutter-Developer-Sulfah-Cairo-Egypt,,
Senior Flutter Developer-Part Time,RDI -,"Dokki, Giza, Egypt ",Part TimeFreelance / ProjectExperienced  3+ Yrs of Exp  IT/Software Development  Engineering - Telecom/Technology  Flutter  Android  iOS  Flutter Development  RESTful  mobile development  Git  Native,https://wuzzuf.net/jobs/p/syN4fCo1DIwW-Senior-Flutter-Developer-Part-Time-RDI-Giza-Egypt,,
Flutter Developer,Confidential -,"Sheikh Zayed, Giza, Egypt ",Full TimePart TimeWork From HomeExperienced  3+ Yrs of Exp  IT/Software Development  Engineering - Telecom/Technology  Information Technology (IT)  Computer Science  Flutter  Software Development  Android  RESTful  APIs  Flutter Development,https://wuzzuf.net/jobs/p/NityBi9Ja0zk-Flutter-Developer-Giza-Egypt,,
Flutter Mobile Application Developer - Shubbak Technologies,Qureos -,"Dubai, United Arab Emirates ",Full TimeNot specified  Creative/Design/Art  IT/Software Development  Engineering - Telecom/Technology  Computer Science  Information Technology (IT)  Android  Software Development  iOS  Software Engineering  Mobile Development,https://wuzzuf.net/jobs/p/7Wkg0OTHv6HC-Flutter-Mobile-Application-Developer---Shubbak-Technologies-Qureos-Dubai-United-Arab-Emirates,,
Flutter Developer,Edentech -,"Heliopolis, Cairo, Egypt ",Full TimeExperienced  5 - 7 Yrs of Exp  IT/Software Development  Computer Science  flutter  Information Technology (IT)  Mobile Development  Software Development  iOS  JSON  RESTful  Redux,https://wuzzuf.net/jobs/p/moWxPn1lZVGG-Flutter-Developer-Edentech-Cairo-Egypt,,
Senior Flutter Developer,DEVOPSOLUTION -,"Nasr City, Cairo, Egypt ",Full TimeExperienced  4+ Yrs of Exp  IT/Software Development  Engineering - Telecom/Technology  Information Technology (IT)  Flutter  Software Development  Android  RESTful  APIs  Development  Flutter Development,https://wuzzuf.net/jobs/p/ohfDr6qvHADZ-Senior-Flutter-Developer-DEVOPSOLUTION-Cairo-Egypt,,
Mobile Application Developer (Flutter),Erpplus5 -,"Maadi, Cairo, Egypt ",Full TimeExperienced  2 - 4 Yrs of Exp  Creative/Design/Art  IT/Software Development  Engineering - Telecom/Technology  APIs  Android  Design  Information Technology (IT)  iOS  Mobile Development  UI,https://wuzzuf.net/jobs/p/Xq3PioQrWPii-Mobile-Application-Developer-Flutter-Erpplus5-Cairo-Egypt,,
Flutter team lead,Kian Alraqmih -,"Mansoura, Dakahlia, Egypt ",Full TimeManager  5 - 7 Yrs of Exp  IT/Software Development  Engineering - Telecom/Technology  Development  Information Technology (IT)  Management  Mobile  Mobile Development  Software Development  Software Engineering  Software,https://wuzzuf.net/jobs/p/e5mvet9MZ32E-Flutter-team-lead-Kian-Alraqmih-Dakahlia-Egypt,,
Senior Flutter Developer,Victory Link -,"Maadi, Cairo, Egypt ",Full TimeExperienced  3 - 6 Yrs of Exp  IT/Software Development  iOS  Android  flutter  Mobile Development,https://wuzzuf.net/jobs/p/YMkFuzEbXWYE-Senior-Flutter-Developer-Victory-Link-Cairo-Egypt,,
Flutter Developer,Osolutions -,"Sheraton, Cairo, Egypt ",Full TimeExperienced  2 - 5 Yrs of Exp  IT/Software Development  Engineering - Telecom/Technology  Computer Science  flutter  Software Development,https://wuzzuf.net/jobs/p/nwpmbgvLkyPi-Flutter-Developer-Osolutions-Cairo-Egypt,,
flutter developer,idaco -,"6th of October, Giza, Egypt ",Full TimeExperienced  1 - 3 Yrs of Exp  IT/Software Development  Android  Engineering  Development  Computer Science  flutter  Software  RESTful  iOS  Information Technology (IT),https://wuzzuf.net/jobs/p/Il21UahywJhI-flutter-developer-idaco-Giza-Egypt,,
Flutter Developer,Horizon Agency -,"New Cairo, Cairo, Egypt ",Full TimeExperienced  2 - 5 Yrs of Exp  IT/Software Development  UI/UX  Git  RESTful  Information Technology (IT)  API  Android  flutter  Software Development  UI,https://wuzzuf.net/jobs/p/Nurn8BfYaY9o-Flutter-Developer-Horizon-Agency-Cairo-Egypt,,
Senior iOS and Flutter Developer,Softec Technologies -,"Maadi, Cairo, Egypt ",Full TimeExperienced  5 - 8 Yrs of Exp  IT/Software Development  Engineering - Telecom/Technology  iOS  Information Technology (IT)  Mobile Development  Software Development  Computer Science  flutter  APIs  JSON,https://wuzzuf.net/jobs/p/07hL3oqm1UBt-Senior-iOS-and-Flutter-Developer-Softec-Technologies-Cairo-Egypt,,
Flutter developer,CyberX -,"Cairo, Egypt ",Full TimeExperienced  3+ Yrs of Exp  IT/Software Development  flutter  Git  Widget development  APIs  Dart Programming  UI/UX  Mobile App Development,https://wuzzuf.net/jobs/p/Kmd489cTF7N2-Flutter-developer-CyberX-Cairo-Egypt,,
Flutter Developer,ElMotaheda Web  -,"Nasr City, Cairo, Egypt ",Full TimeExperienced  2+ Yrs of Exp  IT/Software Development  Engineering - Telecom/Technology  Computer Science  Information Technology (IT)  flutter  Software Development  Dart Programming,https://wuzzuf.net/jobs/p/dFkeouwx3NGa-Flutter-Developer-ElMotaheda-Web-Cairo-Egypt,,
